AT_Ober+oesterreich_Linz_Stb
AT_Wien_Wien_Stb
CH_Aargau_Baden_Stb
CH_Basel_Basel_Stb
CH_Basel_Liestal_Kb
CH_Bern_Biel_Stb
CH_Uri_Altdorf_Kb
CH_Z+uerich_Winterthur_Vb
DE_+ueberregional-weit_Verbund_DigibibNRW
DE_+ueberregional-weit_Verbund_DigibibNRWHb
DE_+ueberregional-weit_Verbund_gvk
DE_+ueberregional-weit_Verbund_swb
DE_Baden-W+uerttemberg_+oehringen_Stb
DE_Baden-W+uerttemberg_Aalen_HS
DE_Baden-W+uerttemberg_Adelsheim_Stb
DE_Baden-W+uerttemberg_Albstadt_HS
DE_Baden-W+uerttemberg_Altlu+szheim_Gb
DE_Baden-W+uerttemberg_B+uehl_Mt
DE_Baden-W+uerttemberg_Bad++Friedrichshall_Mt
DE_Baden-W+uerttemberg_Bad++Sch+oenborn_Gb
DE_Baden-W+uerttemberg_Bad++Wildbad_Stb
DE_Baden-W+uerttemberg_Bammental_Gb
DE_Baden-W+uerttemberg_Biberach_Hs
DE_Baden-W+uerttemberg_Biberach_MIZ
DE_Baden-W+uerttemberg_Blankenloch_Stb
DE_Baden-W+uerttemberg_Boxberg_Mt
DE_Baden-W+uerttemberg_Br+uehl_Gb
DE_Baden-W+uerttemberg_Brackenheim_Stb
DE_Baden-W+uerttemberg_Breisach_Mt
DE_Baden-W+uerttemberg_Bretten_Stb
DE_Baden-W+uerttemberg_Bruchsal_Stb
DE_Baden-W+uerttemberg_Buchen_Stb
DE_Baden-W+uerttemberg_Calw_Stb
DE_Baden-W+uerttemberg_Crailsheim_Stb
DE_Baden-W+uerttemberg_Denzlingen_Mt
DE_Baden-W+uerttemberg_Eberbach_Stb
DE_Baden-W+uerttemberg_Ebhausen_Mt
DE_Baden-W+uerttemberg_Empfingen_Gb
DE_Baden-W+uerttemberg_Engen_Stb
DE_Baden-W+uerttemberg_Eppingen_Stb
DE_Baden-W+uerttemberg_Esslingen_HS
DE_Baden-W+uerttemberg_Esslingen_Stb
DE_Baden-W+uerttemberg_Ettlingen_Stb
DE_Baden-W+uerttemberg_Filderstadt_Stb
DE_Baden-W+uerttemberg_Freiburg_HS
DE_Baden-W+uerttemberg_Freiburg_SZFKMZ
DE_Baden-W+uerttemberg_Freiburg_Stb
DE_Baden-W+uerttemberg_Friedrichshafen_ZU
DE_Baden-W+uerttemberg_Furtwangen_Hs
DE_Baden-W+uerttemberg_G+ueglingen_Mt
DE_Baden-W+uerttemberg_Gaggenau_Stb
DE_Baden-W+uerttemberg_Gaildorf_Stb
DE_Baden-W+uerttemberg_Gm+uend_Hfg
DE_Baden-W+uerttemberg_Gm+uend_Hs
DE_Baden-W+uerttemberg_Gottmadingen_Stb
DE_Baden-W+uerttemberg_Gundelfingen_Mt
DE_Baden-W+uerttemberg_Gundelsheim_Stb
DE_Baden-W+uerttemberg_Haiterbach_Stb
DE_Baden-W+uerttemberg_Haslach_Stb
DE_Baden-W+uerttemberg_Heddesheim_Stb
DE_Baden-W+uerttemberg_Heidelberg_Ph
DE_Baden-W+uerttemberg_Heidelberg_Stb
DE_Baden-W+uerttemberg_Heidenheim_HS
DE_Baden-W+uerttemberg_Heilbronn_HS
DE_Baden-W+uerttemberg_Heilbronn_Stb
DE_Baden-W+uerttemberg_Hirschberg_Gb
DE_Baden-W+uerttemberg_Hockenheim_Stb
DE_Baden-W+uerttemberg_Holzgerlingen_Stb
DE_Baden-W+uerttemberg_Iffezheim_Mt
DE_Baden-W+uerttemberg_Ilsfeld_Gb
DE_Baden-W+uerttemberg_Ispringen_Gb
DE_Baden-W+uerttemberg_Ittlingen_Ob
DE_Baden-W+uerttemberg_K+oenigsbach-Stein_Gb
DE_Baden-W+uerttemberg_K+uenzelsau_Stb
DE_Baden-W+uerttemberg_Kandern_Stb
DE_Baden-W+uerttemberg_Karlsbad_Gb
DE_Baden-W+uerttemberg_Karlsdorf-Neuthard_Mt
DE_Baden-W+uerttemberg_Karlsruhe_Blb
DE_Baden-W+uerttemberg_Karlsruhe_Hfm
DE_Baden-W+uerttemberg_Karlsruhe_Ph
DE_Baden-W+uerttemberg_Karlsruhe_Stb
DE_Baden-W+uerttemberg_Kehl_HS
DE_Baden-W+uerttemberg_Ketsch_Gb
DE_Baden-W+uerttemberg_Kirchardt_Gb
DE_Baden-W+uerttemberg_Kirchzarten_Mt
DE_Baden-W+uerttemberg_Konstanz_HS
DE_Baden-W+uerttemberg_Konstanz_Ub
DE_Baden-W+uerttemberg_L+oerrach_DHS
DE_Baden-W+uerttemberg_L+oerrach_WRb
DE_Baden-W+uerttemberg_Lauda-K+oenigshofen_Stb
DE_Baden-W+uerttemberg_Laudenbach_Gb
DE_Baden-W+uerttemberg_Leimen_Stb
DE_Baden-W+uerttemberg_Leingarten_B
DE_Baden-W+uerttemberg_Linkenheim-Hochstetten_Gb
DE_Baden-W+uerttemberg_Ludwigsburg_Hb
DE_Baden-W+uerttemberg_M+oeckm+uehl_Mt
DE_Baden-W+uerttemberg_Malsch_Gb
DE_Baden-W+uerttemberg_Mannheim_DHs
DE_Baden-W+uerttemberg_Mannheim_HS
DE_Baden-W+uerttemberg_Mannheim_MHS
DE_Baden-W+uerttemberg_Mannheim_Stb
DE_Baden-W+uerttemberg_Mannheim_Techno
DE_Baden-W+uerttemberg_Mannheim_Ub
DE_Baden-W+uerttemberg_Mauer_Gb
DE_Baden-W+uerttemberg_Mosbach_HS
DE_Baden-W+uerttemberg_Mosbach_Stb
DE_Baden-W+uerttemberg_N+uertingen_HWU
DE_Baden-W+uerttemberg_Neckargem+uend_SRH
DE_Baden-W+uerttemberg_Neckarwestheim_B
DE_Baden-W+uerttemberg_Neuenburg++am++Rhein_Stb
DE_Baden-W+uerttemberg_Neulu+szheim_Gb
DE_Baden-W+uerttemberg_Niefern-+oeschelbronn_Gb
DE_Baden-W+uerttemberg_Nordheim_Ob
DE_Baden-W+uerttemberg_Nu+szloch_Gb
DE_Baden-W+uerttemberg_Oberderdingen_Mt
DE_Baden-W+uerttemberg_Obersulm_Gb
DE_Baden-W+uerttemberg_Obrigheim_Gb
DE_Baden-W+uerttemberg_Offenau_Gb
DE_Baden-W+uerttemberg_Offenburg_Fh
DE_Baden-W+uerttemberg_Oftersheim_Gb
DE_Baden-W+uerttemberg_Pfinztal_Gb
DE_Baden-W+uerttemberg_Pforzheim_HS
DE_Baden-W+uerttemberg_Pforzheim_Stb
DE_Baden-W+uerttemberg_Plankstadt_B
DE_Baden-W+uerttemberg_Rastatt_Stb
DE_Baden-W+uerttemberg_Ravensburg_HS
DE_Baden-W+uerttemberg_Reutlingen_Hs
DE_Baden-W+uerttemberg_Rheinfelden_Mt
DE_Baden-W+uerttemberg_Rheinstetten_Stb
DE_Baden-W+uerttemberg_Rot++am++See_Gb
DE_Baden-W+uerttemberg_Rottenburg_Hs
DE_Baden-W+uerttemberg_Sandhausen_Gb
DE_Baden-W+uerttemberg_Schrozberg_Stb
DE_Baden-W+uerttemberg_Schw+aebisch++Hall_Stb
DE_Baden-W+uerttemberg_Schwaigern_Mt
DE_Baden-W+uerttemberg_Schwetzingen_Stb
DE_Baden-W+uerttemberg_Singen_Stb
DE_Baden-W+uerttemberg_St.++Leon-Rot_Gb
DE_Baden-W+uerttemberg_Staufen_Mt
DE_Baden-W+uerttemberg_Stuttgart_Abk
DE_Baden-W+uerttemberg_Stuttgart_DHs
DE_Baden-W+uerttemberg_Stuttgart_DHsC
DE_Baden-W+uerttemberg_Stuttgart_HS
DE_Baden-W+uerttemberg_Stuttgart_HdM
DE_Baden-W+uerttemberg_Stuttgart_Mh
DE_Baden-W+uerttemberg_Stuttgart_Stb
DE_Baden-W+uerttemberg_Stuttgart_Ub
DE_Baden-W+uerttemberg_Stuttgart_Wlb
DE_Baden-W+uerttemberg_T+uebingen_Ub
DE_Baden-W+uerttemberg_Talheim_Gb
DE_Baden-W+uerttemberg_Titisee-Neustadt_Mt
DE_Baden-W+uerttemberg_Trossingen_Mh
DE_Baden-W+uerttemberg_Ulm_Hs
DE_Baden-W+uerttemberg_Ulm_Stb
DE_Baden-W+uerttemberg_Ulm_Ub
DE_Baden-W+uerttemberg_Untereisesheim_Gb
DE_Baden-W+uerttemberg_Villingen_DHs
DE_Baden-W+uerttemberg_Villingen_Hfpol
DE_Baden-W+uerttemberg_Villingen_Stb
DE_Baden-W+uerttemberg_Wagh+aeusel_Stb
DE_Baden-W+uerttemberg_Waibstadt_Stb
DE_Baden-W+uerttemberg_Walzbachtal_Gb
DE_Baden-W+uerttemberg_Weikersheim_Stb
DE_Baden-W+uerttemberg_Weil++am++Rhein_Stb
DE_Baden-W+uerttemberg_Weingarten_HS
DE_Baden-W+uerttemberg_Weinheim_Stb
DE_Baden-W+uerttemberg_Weinsberg_Stb
DE_Baden-W+uerttemberg_Wiesloch_Stb
DE_Baden-W+uerttemberg_Willst+aett_Mt
DE_Bayern_Amberg-Weiden_HAW
DE_Bayern_Aschaffenburg_Hb
DE_Bayern_Aschaffenburg_Hof
DE_Bayern_Augsburg_Stb
DE_Bayern_Bamberg_Stb
DE_Bayern_Bamberg_Ub
DE_Bayern_Coburg_Hb
DE_Bayern_Coburg_Stb
DE_Bayern_Erlangen_Stb
DE_Bayern_Erlangen_Ub
DE_Bayern_F+uerth_Vb
DE_Bayern_Ingolstadt_Stb
DE_Bayern_M+uenchen_Alpen
DE_Bayern_M+uenchen_Stb
DE_Bayern_M+uenchen_UbLMU
DE_Bayern_M+uenchen_UbTUM
DE_Bayern_N+uernberg_Stb
DE_Bayern_N+uernberg_TH
DE_Bayern_Neu-Ulm_TH
DE_Bayern_Neubiberg_Ub
DE_Bayern_Passau_Ub
DE_Bayern_Regensburg_Stb
DE_Bayern_Regensburg_Ub
DE_Bayern_Schweinfurt_Hb
DE_Bayern_W+uerzburg_Hb
DE_Bayern_W+uerzburg_Hsb
DE_Bayern_W+uerzburg_Stb
DE_Berlin_Berlin_BeuthHS
DE_Berlin_Berlin_HTW
DE_Berlin_Berlin_HWR
DE_Berlin_Berlin_KHSB
DE_Berlin_Berlin_Stabi
DE_Berlin_Berlin_UbFU
DE_Berlin_Berlin_UbHU
DE_Berlin_Berlin_UbTU
DE_Berlin_Berlin_VOEBB
DE_Brandenburg_Cottbus_Stb
DE_Brandenburg_Potsdam_Fh
DE_Brandenburg_Potsdam_Stb
DE_Bremen_Bremen_Stb
DE_Bremen_Bremen_Sub
DE_Hamburg_Hamburg_Ub
DE_Hamburg_Hamburg_UbHSU
DE_Hessen_Darmstadt_Stb
DE_Hessen_Dieburg_Stb
DE_Hessen_Erbach_Stb
DE_Hessen_Frankfurt++am++Main_Stb
DE_Hessen_Frankfurt++am++Main_Ub
DE_Hessen_Gie+szen_Stb
DE_Hessen_Hanau_Stb
DE_Hessen_Hattersheim_Stb
DE_Hessen_M+oerfelden-Walldorf_Stb
DE_Hessen_M+uehlheim_StbAM
DE_Hessen_Obertshausen_Stb
DE_Hessen_Pfungstadt_Stb
DE_Hessen_R+uesselheim_Stb
DE_Hessen_Schotten_Stb
DE_Hessen_Wiesbaden_Stb
DE_Mecklenburg-Vorpommern_Greifswald_Ub
DE_Mecklenburg-Vorpommern_Rostock_Stb
DE_Mecklenburg-Vorpommern_Stralsund_Hb
DE_Mecklenburg-Vorpommern_Stralsund_Stb
DE_Niedersachsen_Braunschweig_Stb
DE_Niedersachsen_Braunschweig_Ub
DE_Niedersachsen_Clausthal_Ub
DE_Niedersachsen_Elsfleth_Ub
DE_Niedersachsen_Emden_OstBib
DE_Niedersachsen_Emden_Ub
DE_Niedersachsen_G+oettingen_Stb
DE_Niedersachsen_G+oettingen_Ub
DE_Niedersachsen_Ganderkesee_Gb
DE_Niedersachsen_Hannover_GWLB
DE_Niedersachsen_Hannover_HMTMH
DE_Niedersachsen_Hannover_KSF
DE_Niedersachsen_Hannover_Lkab
DE_Niedersachsen_Hannover_MHb
DE_Niedersachsen_Hannover_Stb
DE_Niedersachsen_Hannover_TiHo
DE_Niedersachsen_Hannover_Ub
DE_Niedersachsen_Hannover_UbTIB
DE_Niedersachsen_Hildesheim_Mkb
DE_Niedersachsen_Hildesheim_Stb
DE_Niedersachsen_Hildesheim_Ub
DE_Niedersachsen_L+ueneburg_Ub
DE_Niedersachsen_Oldenburg_Stb
DE_Niedersachsen_Osnabr+ueck_Ub
DE_Niedersachsen_Osnabr+ueck_UbHs
DE_Niedersachsen_Wilhelmshaven_Ub
DE_Niedersachsen_Wolfsburg_Stb
DE_Nordrhein-Westfalen_Aachen_Stb
DE_Nordrhein-Westfalen_Aachen_Ub
DE_Nordrhein-Westfalen_Bielefeld_Stb
DE_Nordrhein-Westfalen_Bochum_Hsb
DE_Nordrhein-Westfalen_Bochum_Stb
DE_Nordrhein-Westfalen_Bochum_UbRUB
DE_Nordrhein-Westfalen_Bonn_Stb
DE_Nordrhein-Westfalen_Bonn_Ulb
DE_Nordrhein-Westfalen_Castrop-Rauxel_Stb
DE_Nordrhein-Westfalen_D+uesseldorf_Fhb
DE_Nordrhein-Westfalen_D+uesseldorf_Stb
DE_Nordrhein-Westfalen_D+uesseldorf_Ub2
DE_Nordrhein-Westfalen_Datteln_Stb
DE_Nordrhein-Westfalen_Dormagen_Stb
DE_Nordrhein-Westfalen_Dorsten_Stb
DE_Nordrhein-Westfalen_Dortmund_Stb
DE_Nordrhein-Westfalen_Dortmund_Ub
DE_Nordrhein-Westfalen_Duisburg_Stb
DE_Nordrhein-Westfalen_Essen_Stb
DE_Nordrhein-Westfalen_Gelsenkirchen_Fhb
DE_Nordrhein-Westfalen_Gelsenkirchen_Stb
DE_Nordrhein-Westfalen_Gladbeck_Stb
DE_Nordrhein-Westfalen_Grevenbroich_Stb
DE_Nordrhein-Westfalen_Hagen_Stb
DE_Nordrhein-Westfalen_Halle_Stb
DE_Nordrhein-Westfalen_Haltern++am++See_Stb
DE_Nordrhein-Westfalen_Hamm_Stb
DE_Nordrhein-Westfalen_Herne_Stb
DE_Nordrhein-Westfalen_Herten_Stb
DE_Nordrhein-Westfalen_K+oeln_KatHO
DE_Nordrhein-Westfalen_K+oeln_Stb
DE_Nordrhein-Westfalen_Leverkusen_Stb
DE_Nordrhein-Westfalen_M+oenchengladbach_Stb
DE_Nordrhein-Westfalen_M+uelheim++an++der++Ruhr
DE_Nordrhein-Westfalen_M+uenster_Fh
DE_Nordrhein-Westfalen_M+uenster_Stb
DE_Nordrhein-Westfalen_M+uenster_Ulb
DE_Nordrhein-Westfalen_Marl_Stb
DE_Nordrhein-Westfalen_Meerbusch_Stb
DE_Nordrhein-Westfalen_Minden_Stb
DE_Nordrhein-Westfalen_Neuss_Stb
DE_Nordrhein-Westfalen_Oberhausen_Stb
DE_Nordrhein-Westfalen_Oer-Erkenschwick_Stb
DE_Nordrhein-Westfalen_Paderborn_Stb
DE_Nordrhein-Westfalen_Pulheim_Stb
DE_Nordrhein-Westfalen_Recklinghausen_Stb
DE_Nordrhein-Westfalen_Solingen_Stb
DE_Nordrhein-Westfalen_Steinfurt_Stb
DE_Nordrhein-Westfalen_Stolberg_Stb
DE_Nordrhein-Westfalen_Troisdorf_Stb
DE_Nordrhein-Westfalen_Verl_Stb
DE_Nordrhein-Westfalen_Witten_Stb
DE_Nordrhein-Westfalen_Witten_Ulb
DE_Nordrhein-Westfalen_Wuppertal_Hlb
DE_Nordrhein-Westfalen_Wuppertal_Stb
DE_Rheinland-Pfalz_Ha+szloch_Gb
DE_Rheinland-Pfalz_Koblenz_Stb
DE_Rheinland-Pfalz_Ludwigshafen_Stb
DE_Rheinland-Pfalz_Mainz_Oeb
DE_Rheinland-Pfalz_Mainz_Stb
DE_Rheinland-Pfalz_Neustadt++an++der++Weinstra+sze_Stb
DE_Rheinland-Pfalz_Speyer_Stb
DE_Rheinland-Pfalz_Trier_Fh
DE_Rheinland-Pfalz_Trier_StbWd
DE_Saarland_Saarbr+uecken_Stb
DE_Saarland_Saarbr+uecken_Ub
DE_Sachsen-Anhalt_Anhalt_HSB
DE_Sachsen-Anhalt_Halle_Stb
DE_Sachsen-Anhalt_Halle_Ub
DE_Sachsen-Anhalt_Magdeburg_Hs
DE_Sachsen-Anhalt_Magdeburg_MZb
DE_Sachsen-Anhalt_Magdeburg_Stb
DE_Sachsen-Anhalt_Magdeburg_Ub
DE_Sachsen-Anhalt_Merseburg_Fhb
DE_Sachsen-Anhalt_Stendal_Hs
DE_Sachsen-Anhalt_Wei+szenfels_Stb
DE_Sachsen_Chemnitz_Stb
DE_Sachsen_Chemnitz_Ub
DE_Sachsen_Chemnitz_UbNew
DE_Sachsen_Delitzsch_Stb
DE_Sachsen_Dresden_bibo
DE_Sachsen_Dresden_htwb
DE_Sachsen_G+oerlitz_OLB
DE_Sachsen_Leipzig_H14
DE_Sachsen_Leipzig_Hgb
DE_Sachsen_Leipzig_Hmt
DE_Sachsen_Leipzig_Stb
DE_Sachsen_Leipzig_Ub
DE_Sachsen_Pirna_Stb
DE_Sachsen_Zittau_Hsb
DE_Sachsen_Zwickau_Hsb
DE_Schleswig-Holstein_Kiel_Fhb
DE_Schleswig-Holstein_Kiel_SHLB
DE_Schleswig-Holstein_Kiel_Stb
DE_Schleswig-Holstein_Kiel_Ub
DE_Schleswig-Holstein_L+uebeck_Stb
DE_Schleswig-Holstein_L+uebeck_ZHb
DE_Th+ueringen_Erfurt_Fhb
DE_Th+ueringen_Erfurt_Stb
DE_Th+ueringen_Erfurt_Ub
DE_Th+ueringen_Ilmenau_Ub
DE_Th+ueringen_Jena_EAH
DE_Th+ueringen_Jena_Ulb
DE_Th+ueringen_Nordhausen_Fhb
DE_Th+ueringen_Schmalkalden_Fhb
DE_Th+ueringen_Weimar_Hfm
DE_Th+ueringen_Weimar_Stb
DE_Th+ueringen_Weimar_Ub
